{
    "dpf": {
        "accuracy": {
            "mean": 0.7873521282476506,
            "std": 0.0027807999862487593
        },
        "dp": {
            "mean": 0.011068578028435921,
            "std": 0.006921577163258641
        }
    },
    "fairoct": {
        "accuracy": [],
        "dp": [],
        "eodds": [],
        "eopp": []
    },
    "post": {
        "accuracy": {
            "mean": 0.8266592961120324,
            "std": 0.004850732181987441
        },
        "dp": {
            "mean": 0.09502660102009854,
            "std": 0.054624989415078276
        },
        "eodds": {
            "mean": 0.07251362960255457,
            "std": 0.035812161602992894
        },
        "eopp": {
            "mean": 0.03182152874001467,
            "std": 0.015023461691105097
        }
    },
    "rset": {
        "accuracy": {
            "mean": 0.830609913395983,
            "std": 0.002898474709869388
        },
        "dp": {
            "mean": 0.1665628570472613,
            "std": 0.007919291457361468
        },
        "eodds": {
            "mean": 0.07225203653326363,
            "std": 0.007729678297774601
        },
        "eopp": {
            "mean": 0.04615999560076125,
            "std": 0.02398165469321071
        }
    },
    "training time": 2775.2260749340057
}