{
    "dpf": {
        "accuracy": {
            "mean": 0.7633167495854063,
            "std": 0.0037488237837519514
        },
        "dp": {
            "mean": 0.014596408371921516,
            "std": 0.0046903112625696014
        }
    },
    "fairoct": {
        "accuracy": [],
        "dp": [],
        "eodds": [],
        "eopp": []
    },
    "post": {
        "accuracy": {
            "mean": 0.8267551133222775,
            "std": 0.004845151692780635
        },
        "dp": {
            "mean": 0.09561649187734769,
            "std": 0.05474022860205798
        },
        "eodds": {
            "mean": 0.07129953187970298,
            "std": 0.0369082499800328
        },
        "eopp": {
            "mean": 0.03256362388625698,
            "std": 0.015119978396985154
        }
    },
    "rset": {
        "accuracy": {
            "mean": 0.8009802837663533,
            "std": 0.0020907705599940785
        },
        "dp": {
            "mean": 0.052478226152070595,
            "std": 0.014327771267836879
        },
        "eodds": {
            "mean": 0.034842674522253245,
            "std": 0.014542243653691214
        },
        "eopp": {
            "mean": 0.04190799712953196,
            "std": 0.03121503735646399
        }
    },
    "training time": 163.32526540756226
}