{
    "dpf": {
        "accuracy": {
            "mean": 0.7844112769485904,
            "std": 0.0029158905303013466
        },
        "dp": {
            "mean": 0.007701734566735963,
            "std": 0.004026350370745804
        }
    },
    "fairoct": {
        "accuracy": [],
        "dp": [],
        "eodds": [],
        "eopp": []
    },
    "post": {
        "accuracy": {
            "mean": 0.8262539156071493,
            "std": 0.005230840614599138
        },
        "dp": {
            "mean": 0.09450220297629394,
            "std": 0.05469333058302697
        },
        "eodds": {
            "mean": 0.07105293615936886,
            "std": 0.03714632192879428
        },
        "eopp": {
            "mean": 0.03397190795743412,
            "std": 0.012684040813886192
        }
    },
    "rset": {
        "accuracy": {
            "mean": 0.825118850193477,
            "std": 0.00488966171929817
        },
        "dp": {
            "mean": 0.14103390724648435,
            "std": 0.054857365160326306
        },
        "eodds": {
            "mean": 0.07365072050771783,
            "std": 0.008205869305530572
        },
        "eopp": {
            "mean": 0.04298008621777677,
            "std": 0.02047445417514724
        }
    },
    "training time": 174.2951135635376
}