{
    "dpf": {
        "accuracy": {
            "mean": 0.894636735596594,
            "std": 0.0017726387180814914
        },
        "dp": {
            "mean": 0.007011520636757443,
            "std": 0.003849359073190308
        }
    },
    "fairoct": {
        "accuracy": [],
        "dp": [],
        "eodds": [],
        "eopp": []
    },
    "post": {
        "accuracy": {
            "mean": 0.898912602749825,
            "std": 0.002953533124839613
        },
        "dp": {
            "mean": 0.00727637963359407,
            "std": 0.0028958279026348403
        },
        "eodds": {
            "mean": 0.021672475864079187,
            "std": 0.0047345511947080084
        },
        "eopp": {
            "mean": 0.01849627921004342,
            "std": 0.009995623453996565
        }
    },
    "rset": {
        "accuracy": {
            "mean": 0.8867558701021048,
            "std": 0.0028619273162444154
        },
        "dp": {
            "mean": 0.007350973447652065,
            "std": 0.003368532898998817
        },
        "eodds": {
            "mean": 0.006206474486135144,
            "std": 0.012412948972270289
        },
        "eopp": {
            "mean": 0.006206474486135144,
            "std": 0.012412948972270289
        }
    },
    "training time": 281.9332637786865
}