{
    "dpf": {
        "accuracy": {
            "mean": 0.0,
            "std": 0.0
        },
        "dp": {
            "mean": 1.0,
            "std": 0.0
        }
    },
    "fairoct": {
        "accuracy": [],
        "dp": [],
        "eodds": [],
        "eopp": []
    },
    "post": {
        "accuracy": {
            "mean": 0.8988757418260901,
            "std": 0.0029751675270932756
        },
        "dp": {
            "mean": 0.007202725247397871,
            "std": 0.0029159376130901958
        },
        "eodds": {
            "mean": 0.021331699405073002,
            "std": 0.005094602204517523
        },
        "eopp": {
            "mean": 0.017697876016430646,
            "std": 0.008882807201900702
        }
    },
    "rset": {
        "accuracy": {
            "mean": 0.8867558701021048,
            "std": 0.0028619273162444154
        },
        "dp": {
            "mean": 0.007350973447652065,
            "std": 0.003368532898998817
        },
        "eodds": {
            "mean": 0.006206474486135144,
            "std": 0.012412948972270289
        },
        "eopp": {
            "mean": 0.006206474486135144,
            "std": 0.012412948972270289
        }
    },
    "training time": 21467.379227399826
}