{
    "dpf": {
        "accuracy": {
            "mean": 0.8955435143204689,
            "std": 0.0021254917663136737
        },
        "dp": {
            "mean": 0.006549553966063991,
            "std": 0.0018276801216420774
        }
    },
    "fairoct": {
        "accuracy": [],
        "dp": [],
        "eodds": [],
        "eopp": []
    },
    "post": {
        "accuracy": {
            "mean": 0.8989126027498248,
            "std": 0.0029511399749011067
        },
        "dp": {
            "mean": 0.007184663413513898,
            "std": 0.002942398731624931
        },
        "eodds": {
            "mean": 0.02056603067219981,
            "std": 0.005652861350671439
        },
        "eopp": {
            "mean": 0.017697876016430646,
            "std": 0.008882807201900702
        }
    },
    "rset": {
        "accuracy": {
            "mean": 0.8862103284308305,
            "std": 0.002885718336749258
        },
        "dp": {
            "mean": 0.007203234809452242,
            "std": 0.003345627689704269
        },
        "eodds": {
            "mean": 0.006206474486135144,
            "std": 0.012412948972270289
        },
        "eopp": {
            "mean": 0.006206474486135144,
            "std": 0.012412948972270289
        }
    },
    "training time": 362.88038420677185
}