{
    "dpf": {
        "accuracy": {
            "mean": 0.9432949114422267,
            "std": 0.0003217746174376994
        },
        "dp": {
            "mean": 0.010478588804424805,
            "std": 0.0014355162061808126
        }
    },
    "fairoct": {
        "accuracy": [],
        "dp": [],
        "eodds": [],
        "eopp": []
    },
    "post": {
        "accuracy": {
            "mean": 0.9479805079186582,
            "std": 0.0004827898412269019
        },
        "dp": {
            "mean": 0.003731933987906881,
            "std": 0.0020280813841692625
        },
        "eodds": {
            "mean": 0.02584759709129193,
            "std": 0.00783786693705458
        },
        "eopp": {
            "mean": 0.025695903007441255,
            "std": 0.007753465329577484
        }
    },
    "rset": {
        "accuracy": {
            "mean": 0.9385085746415518,
            "std": 0.000607519250326322
        },
        "dp": {
            "mean": 0.0,
            "std": 0.0
        },
        "eodds": {
            "mean": 0.0,
            "std": 0.0
        },
        "eopp": {
            "mean": 0.0,
            "std": 0.0
        }
    },
    "training time": 8392.571628332138
}