{
    "dpf": {
        "accuracy": {
            "mean": 0.0,
            "std": 0.0
        },
        "dp": {
            "mean": 1.0,
            "std": 0.0
        }
    },
    "fairoct": {
        "accuracy": [],
        "dp": [],
        "eodds": [],
        "eopp": []
    },
    "post": {
        "accuracy": {
            "mean": 0.9479828507168963,
            "std": 0.00048399342552546317
        },
        "dp": {
            "mean": 0.0037758080692933014,
            "std": 0.0020254241988134796
        },
        "eodds": {
            "mean": 0.026428778855063017,
            "std": 0.00788414059673203
        },
        "eopp": {
            "mean": 0.025178700770221683,
            "std": 0.007675236184997232
        }
    },
    "rset": {
        "accuracy": {
            "mean": 0.9385542592071969,
            "std": 0.0006001977491141069
        },
        "dp": {
            "mean": 0.0,
            "std": 0.0
        },
        "eodds": {
            "mean": 0.0,
            "std": 0.0
        },
        "eopp": {
            "mean": 0.0,
            "std": 0.0
        }
    },
    "training time": 30489.783063173294
}