{
    "dpf": {
        "accuracy": {
            "mean": 0.9411407084621872,
            "std": 0.0005852378463142751
        },
        "dp": {
            "mean": 0.006210923191920544,
            "std": 0.001903861381499259
        }
    },
    "fairoct": {
        "accuracy": [],
        "dp": [],
        "eodds": [],
        "eopp": []
    },
    "post": {
        "accuracy": {
            "mean": 0.9479793365195389,
            "std": 0.00048370983117222493
        },
        "dp": {
            "mean": 0.0037758080692933014,
            "std": 0.0020254241988134796
        },
        "eodds": {
            "mean": 0.02584759709129193,
            "std": 0.00783786693705458
        },
        "eopp": {
            "mean": 0.02636479932851149,
            "std": 0.007870655811112036
        }
    },
    "rset": {
        "accuracy": {
            "mean": 0.9385472308124824,
            "std": 0.0006007735968676945
        },
        "dp": {
            "mean": 0.0,
            "std": 0.0
        },
        "eodds": {
            "mean": 0.0,
            "std": 0.0
        },
        "eopp": {
            "mean": 0.0,
            "std": 0.0
        }
    },
    "training time": 5734.351480007172
}