{
    "dpf": {
        "accuracy": {
            "mean": 0.9393483709273184,
            "std": 0.009563300264831513
        },
        "dp": {
            "mean": 0.012413115138834141,
            "std": 0.0067451287754733665
        }
    },
    "fairoct": {
        "accuracy": [],
        "dp": [],
        "eodds": [],
        "eopp": []
    },
    "post": {
        "accuracy": {
            "mean": 0.9438596491228071,
            "std": 0.007682248242320889
        },
        "dp": {
            "mean": 0.016293109803609866,
            "std": 0.012244238445820182
        },
        "eodds": {
            "mean": 0.3508658008658009,
            "std": 0.30742972182871847
        },
        "eopp": {
            "mean": 0.02244363709359167,
            "std": 0.017534570199000406
        }
    },
    "rset": {
        "accuracy": {
            "mean": 0.9403508771929825,
            "std": 0.005351918923323909
        },
        "dp": {
            "mean": 0.0,
            "std": 0.0
        },
        "eodds": {
            "mean": 0.0,
            "std": 0.0
        },
        "eopp": {
            "mean": 0.0,
            "std": 0.0
        }
    },
    "training time": 254.66220021247864
}