{
    "dpf": {
        "accuracy": {
            "mean": 0.9438596491228071,
            "std": 0.008327442469090797
        },
        "dp": {
            "mean": 0.005324129252364873,
            "std": 0.004840678813976934
        }
    },
    "fairoct": {
        "accuracy": [],
        "dp": [],
        "eodds": [],
        "eopp": []
    },
    "post": {
        "accuracy": {
            "mean": 0.9445279866332499,
            "std": 0.007332701172094135
        },
        "dp": {
            "mean": 0.00898393127104875,
            "std": 0.005150751765325054
        },
        "eodds": {
            "mean": 0.36904761904761907,
            "std": 0.3022268259570406
        },
        "eopp": {
            "mean": 0.023874077694510044,
            "std": 0.01647078258149109
        }
    },
    "rset": {
        "accuracy": {
            "mean": 0.943358395989975,
            "std": 0.008768348714053032
        },
        "dp": {
            "mean": 0.0,
            "std": 0.0
        },
        "eodds": {
            "mean": 0.0,
            "std": 0.0
        },
        "eopp": {
            "mean": 0.0,
            "std": 0.0
        }
    },
    "training time": 28.513814210891724
}