{
    "dpf": {
        "accuracy": {
            "mean": 0.9348370927318295,
            "std": 0.010394206192144238
        },
        "dp": {
            "mean": 0.02341695025095101,
            "std": 0.021155659165026208
        }
    },
    "fairoct": {
        "accuracy": [],
        "dp": [],
        "eodds": [],
        "eopp": []
    },
    "post": {
        "accuracy": {
            "mean": 0.9436925647451965,
            "std": 0.007740173648722123
        },
        "dp": {
            "mean": 0.007239761689173024,
            "std": 0.00211454743455117
        },
        "eodds": {
            "mean": 0.3346320346320346,
            "std": 0.302428592466016
        },
        "eopp": {
            "mean": 0.019604140437604056,
            "std": 0.018702200737812796
        }
    },
    "rset": {
        "accuracy": {
            "mean": 0.9403508771929825,
            "std": 0.005351918923323909
        },
        "dp": {
            "mean": 0.0,
            "std": 0.0
        },
        "eodds": {
            "mean": 0.0,
            "std": 0.0
        },
        "eopp": {
            "mean": 0.0,
            "std": 0.0
        }
    },
    "training time": 21892.583006858826
}