{
    "dpf": {
        "accuracy": {
            "mean": 0.5804048582995951,
            "std": 0.014167958204436872
        },
        "dp": {
            "mean": 0.03741732926188281,
            "std": 0.00979280610999694
        }
    },
    "fairoct": {
        "accuracy": [],
        "dp": [],
        "eodds": [],
        "eopp": []
    },
    "post": {
        "accuracy": {
            "mean": 0.6574898785425102,
            "std": 0.00810975180208414
        },
        "dp": {
            "mean": 0.15644332201143507,
            "std": 0.020692077176127876
        },
        "eodds": {
            "mean": 0.1939355355631351,
            "std": 0.026925896817889174
        },
        "eopp": {
            "mean": 0.07358330392517379,
            "std": 0.02797065828506708
        }
    },
    "rset": {
        "accuracy": {
            "mean": 0.6527395411605937,
            "std": 0.009090008036617232
        },
        "dp": {
            "mean": 0.16075192512739436,
            "std": 0.028754050764172794
        },
        "eodds": {
            "mean": 0.21408627560685956,
            "std": 0.022957398583872808
        },
        "eopp": {
            "mean": 0.08846352227748025,
            "std": 0.03594053422625762
        }
    },
    "training time": 52.94070100784302
}