{
    "dpf": {
        "accuracy": {
            "mean": 0.5755465587044535,
            "std": 0.013020081776350941
        },
        "dp": {
            "mean": 0.037932998962390885,
            "std": 0.014173617015294578
        }
    },
    "fairoct": {
        "accuracy": [],
        "dp": [],
        "eodds": [],
        "eopp": []
    },
    "post": {
        "accuracy": {
            "mean": 0.6561943319838057,
            "std": 0.010365778132299193
        },
        "dp": {
            "mean": 0.1478708041098254,
            "std": 0.02350864837384536
        },
        "eodds": {
            "mean": 0.19403484042907357,
            "std": 0.026868268559496186
        },
        "eopp": {
            "mean": 0.07615340649527635,
            "std": 0.025803986272721395
        }
    },
    "rset": {
        "accuracy": {
            "mean": 0.652685560053981,
            "std": 0.00932702299732978
        },
        "dp": {
            "mean": 0.16154856827719705,
            "std": 0.02843192481118199
        },
        "eodds": {
            "mean": 0.21340600349801603,
            "std": 0.022093652883455595
        },
        "eopp": {
            "mean": 0.08895492276888076,
            "std": 0.03569489166761872
        }
    },
    "training time": 26.100797653198242
}