{
    "dpf": {
        "accuracy": {
            "mean": 0.5646963562753037,
            "std": 0.013291196455827176
        },
        "dp": {
            "mean": 0.022888533335822192,
            "std": 0.017102981522842415
        }
    },
    "fairoct": {
        "accuracy": [],
        "dp": [],
        "eodds": [],
        "eopp": []
    },
    "post": {
        "accuracy": {
            "mean": 0.6579757085020244,
            "std": 0.0073211595986952625
        },
        "dp": {
            "mean": 0.15644332201143507,
            "std": 0.020692077176127876
        },
        "eodds": {
            "mean": 0.1948789317895502,
            "std": 0.026433663409971792
        },
        "eopp": {
            "mean": 0.07479230513417498,
            "std": 0.02685082955240038
        }
    },
    "rset": {
        "accuracy": {
            "mean": 0.650148448043185,
            "std": 0.012927770668170021
        },
        "dp": {
            "mean": 0.165466017689321,
            "std": 0.030207661780253997
        },
        "eodds": {
            "mean": 0.1948762362774406,
            "std": 0.025744332881696634
        },
        "eopp": {
            "mean": 0.09116843988114842,
            "std": 0.03523045220257933
        }
    },
    "training time": 17.74661111831665
}