{
    "dpf": {
        "accuracy": {
            "mean": 0.7,
            "std": 0.029495762407505236
        },
        "dp": {
            "mean": 0.06939127508072815,
            "std": 0.03752011490696836
        }
    },
    "fairoct": {
        "accuracy": [],
        "dp": [],
        "eodds": [],
        "eopp": []
    },
    "post": {
        "accuracy": {
            "mean": 0.7286666666666666,
            "std": 0.02239543604298777
        },
        "dp": {
            "mean": 0.053778514576305295,
            "std": 0.048797062015614005
        },
        "eodds": {
            "mean": 0.12462565261280105,
            "std": 0.09854798711015307
        },
        "eopp": {
            "mean": 0.06520724767283259,
            "std": 0.0341753148496641
        }
    },
    "rset": {
        "accuracy": {
            "mean": 0.6986666666666668,
            "std": 0.01953344709864481
        },
        "dp": {
            "mean": 0.0767203246046805,
            "std": 0.06589062281687852
        },
        "eodds": {
            "mean": 0.11549613969496028,
            "std": 0.06786714737511915
        },
        "eopp": {
            "mean": 0.03848585852013475,
            "std": 0.04223825409811351
        }
    },
    "training time": 37644.45051264763
}