{
    "dpf": {
        "accuracy": {
            "mean": 0.694,
            "std": 0.022891046284519167
        },
        "dp": {
            "mean": 0.08240607210370669,
            "std": 0.042579366705977985
        }
    },
    "fairoct": {
        "accuracy": [],
        "dp": [],
        "eodds": [],
        "eopp": []
    },
    "post": {
        "accuracy": {
            "mean": 0.7266666666666667,
            "std": 0.023404652908722588
        },
        "dp": {
            "mean": 0.04554774945152555,
            "std": 0.04074211218786666
        },
        "eodds": {
            "mean": 0.11550491088890855,
            "std": 0.0684440407746859
        },
        "eopp": {
            "mean": 0.06520724767283259,
            "std": 0.0341753148496641
        }
    },
    "rset": {
        "accuracy": {
            "mean": 0.6986666666666668,
            "std": 0.02665416373560502
        },
        "dp": {
            "mean": 0.09234349360109953,
            "std": 0.06957534470715715
        },
        "eodds": {
            "mean": 0.13370269764882875,
            "std": 0.09909191115951449
        },
        "eopp": {
            "mean": 0.06693315987080242,
            "std": 0.063378697322692
        }
    },
    "training time": 147.82682704925537
}