{
    "dpf": {
        "accuracy": {
            "mean": 0.6880000000000001,
            "std": 0.022494443758403957
        },
        "dp": {
            "mean": 0.08275500871413388,
            "std": 0.05638392984644728
        }
    },
    "fairoct": {
        "accuracy": [],
        "dp": [],
        "eodds": [],
        "eopp": []
    },
    "post": {
        "accuracy": {
            "mean": 0.7306666666666667,
            "std": 0.024050872010063243
        },
        "dp": {
            "mean": 0.03645483875374442,
            "std": 0.04070935964644928
        },
        "eodds": {
            "mean": 0.11542368502919789,
            "std": 0.060714135173443574
        },
        "eopp": {
            "mean": 0.05195393434450053,
            "std": 0.04235124131132285
        }
    },
    "rset": {
        "accuracy": {
            "mean": 0.7023333333333334,
            "std": 0.024599006303326808
        },
        "dp": {
            "mean": 0.059701319569863485,
            "std": 0.03366912514626697
        },
        "eodds": {
            "mean": 0.06309678063668119,
            "std": 0.05099825649799516
        },
        "eopp": {
            "mean": 0.04307263310413854,
            "std": 0.0316618856726961
        }
    },
    "training time": 16.279215335845947
}