{
    "dpf": {
        "accuracy": {
            "mean": 0.0,
            "std": 0.0
        },
        "dp": {
            "mean": 1.0,
            "std": 0.0
        }
    },
    "fairoct": {
        "accuracy": [],
        "dp": [],
        "eodds": [],
        "eopp": []
    },
    "post": {
        "accuracy": {
            "mean": 0.6898523842646263,
            "std": 0.0033709336606622393
        },
        "dp": {
            "mean": 0.012784248198971981,
            "std": 0.0037743712705310566
        },
        "eodds": {
            "mean": 0.025990166768909483,
            "std": 0.013716899689479057
        },
        "eopp": {
            "mean": 0.00515257544319041,
            "std": 0.00488094051082218
        }
    },
    "rset": {
        "accuracy": {
            "mean": 0.6826338975191283,
            "std": 0.002615685107215369
        },
        "dp": {
            "mean": 0.008745690490298386,
            "std": 0.004314874566058637
        },
        "eodds": {
            "mean": 0.01446589712955142,
            "std": 0.011044008015586715
        },
        "eopp": {
            "mean": 0.010252059906214006,
            "std": 0.006878259564769545
        }
    },
    "training time": 19937.207735300064
}