{
    "dpf": {
        "accuracy": {
            "mean": 0.6844887549269649,
            "std": 0.0036730157845235845
        },
        "dp": {
            "mean": 0.009976892388368963,
            "std": 0.003704003805240714
        }
    },
    "fairoct": {
        "accuracy": [],
        "dp": [],
        "eodds": [],
        "eopp": []
    },
    "post": {
        "accuracy": {
            "mean": 0.6900069557152794,
            "std": 0.0035271430335309896
        },
        "dp": {
            "mean": 0.011646430230007821,
            "std": 0.00404134740240983
        },
        "eodds": {
            "mean": 0.0258449234864113,
            "std": 0.013811800793495125
        },
        "eopp": {
            "mean": 0.006004270153463364,
            "std": 0.004992463866698981
        }
    },
    "rset": {
        "accuracy": {
            "mean": 0.6826338975191283,
            "std": 0.002615685107215369
        },
        "dp": {
            "mean": 0.008745690490298386,
            "std": 0.004314874566058637
        },
        "eodds": {
            "mean": 0.01446589712955142,
            "std": 0.011044008015586715
        },
        "eopp": {
            "mean": 0.010252059906214006,
            "std": 0.006878259564769545
        }
    },
    "training time": 165.10589575767517
}