{
    "dpf": {
        "accuracy": {
            "mean": 0.6822629260375608,
            "std": 0.0020769019871605446
        },
        "dp": {
            "mean": 0.006617349896815616,
            "std": 0.004011720069246151
        }
    },
    "fairoct": {
        "accuracy": [],
        "dp": [],
        "eodds": [],
        "eopp": []
    },
    "post": {
        "accuracy": {
            "mean": 0.6896514413787773,
            "std": 0.0037419701879089014
        },
        "dp": {
            "mean": 0.012684745711409793,
            "std": 0.003633848430684413
        },
        "eodds": {
            "mean": 0.024357872525676134,
            "std": 0.013910065537596729
        },
        "eopp": {
            "mean": 0.005018885603618228,
            "std": 0.004951574153099296
        }
    },
    "rset": {
        "accuracy": {
            "mean": 0.6826338975191283,
            "std": 0.002615685107215369
        },
        "dp": {
            "mean": 0.008745690490298386,
            "std": 0.004314874566058637
        },
        "eodds": {
            "mean": 0.01446589712955142,
            "std": 0.011044008015586715
        },
        "eopp": {
            "mean": 0.010252059906214006,
            "std": 0.006878259564769545
        }
    },
    "training time": 106.14723658561707
}