{
    "dpf": {
        "accuracy": {
            "mean": 0.8455696202531646,
            "std": 0.07088607594936709
        },
        "dp": {
            "mean": 0.1163356837342567,
            "std": 0.09473829152846767
        }
    },
    "fairoct": {
        "accuracy": [],
        "dp": [],
        "eodds": [],
        "eopp": []
    },
    "post": {
        "accuracy": {
            "mean": 0.8784810126582278,
            "std": 0.02174531430670912
        },
        "dp": {
            "mean": 0.08804905570989102,
            "std": 0.05352241247155845
        },
        "eodds": {
            "mean": 0.12740214034331682,
            "std": 0.08116354208577908
        },
        "eopp": {
            "mean": 0.0673742766625737,
            "std": 0.053070011222163004
        }
    },
    "rset": {
        "accuracy": {
            "mean": 0.9139240506329113,
            "std": 0.029305916209595585
        },
        "dp": {
            "mean": 0.10024062111443073,
            "std": 0.06261175983541914
        },
        "eodds": {
            "mean": 0.09026396950199753,
            "std": 0.06164508177696256
        },
        "eopp": {
            "mean": 0.08128329500408167,
            "std": 0.06679098235024464
        }
    },
    "training time": 8.904186248779297
}