{
    "dpf": {
        "accuracy": {
            "mean": 0.8582278481012657,
            "std": 0.037890201385052585
        },
        "dp": {
            "mean": 0.12493076286475698,
            "std": 0.01064392026154665
        }
    },
    "fairoct": {
        "accuracy": [],
        "dp": [],
        "eodds": [],
        "eopp": []
    },
    "post": {
        "accuracy": {
            "mean": 0.8835443037974684,
            "std": 0.024976622087677175
        },
        "dp": {
            "mean": 0.09360461126544659,
            "std": 0.05438052659428789
        },
        "eodds": {
            "mean": 0.11453853336206281,
            "std": 0.037653418763886407
        },
        "eopp": {
            "mean": 0.08149029557619378,
            "std": 0.0443580492882559
        }
    },
    "rset": {
        "accuracy": {
            "mean": 0.9088607594936707,
            "std": 0.021778038650740867
        },
        "dp": {
            "mean": 0.11049703137084099,
            "std": 0.0756960521606365
        },
        "eodds": {
            "mean": 0.1300707327870217,
            "std": 0.06926981699836861
        },
        "eopp": {
            "mean": 0.08128329500408167,
            "std": 0.06679098235024464
        }
    },
    "training time": 48.60909676551819
}