{
    "dpf": {
        "accuracy": {
            "mean": 0.8861538461538462,
            "std": 0.02029370147426604
        },
        "dp": {
            "mean": 0.06052313579928588,
            "std": 0.03538884709671518
        }
    },
    "fairoct": {
        "accuracy": [],
        "dp": [],
        "eodds": [],
        "eopp": []
    },
    "post": {
        "accuracy": {
            "mean": 0.8882051282051282,
            "std": 0.014006666957689904
        },
        "dp": {
            "mean": 0.035042953087428386,
            "std": 0.024445291408982463
        },
        "eodds": {
            "mean": 0.29200133200133205,
            "std": 0.14112807272647268
        },
        "eopp": {
            "mean": 0.047952851151186124,
            "std": 0.011450991622335935
        }
    },
    "rset": {
        "accuracy": {
            "mean": 0.9138461538461538,
            "std": 0.018461538461538397
        },
        "dp": {
            "mean": 0.04513669065407111,
            "std": 0.03198150542882696
        },
        "eodds": {
            "mean": 0.22259573759573756,
            "std": 0.1611640958949419
        },
        "eopp": {
            "mean": 0.02696047500165453,
            "std": 0.02241294017222679
        }
    },
    "training time": 10.545689821243286
}