{
    "dpf": {
        "accuracy": {
            "mean": 0.8506329113924052,
            "std": 0.021778038650740798
        },
        "dp": {
            "mean": 0.10594545238423794,
            "std": 0.0665885479437694
        }
    },
    "fairoct": {
        "accuracy": [],
        "dp": [],
        "eodds": [],
        "eopp": []
    },
    "post": {
        "accuracy": {
            "mean": 0.8776371308016877,
            "std": 0.020497819074246613
        },
        "dp": {
            "mean": 0.09360461126544659,
            "std": 0.05438052659428789
        },
        "eodds": {
            "mean": 0.12454499748617398,
            "std": 0.08379531755070126
        },
        "eopp": {
            "mean": 0.08249364005779916,
            "std": 0.04532586517679024
        }
    },
    "rset": {
        "accuracy": {
            "mean": 0.9088607594936707,
            "std": 0.021778038650740867
        },
        "dp": {
            "mean": 0.11049703137084099,
            "std": 0.0756960521606365
        },
        "eodds": {
            "mean": 0.1300707327870217,
            "std": 0.06926981699836861
        },
        "eopp": {
            "mean": 0.08128329500408167,
            "std": 0.06679098235024464
        }
    },
    "training time": 10457.600430250168
}