{
    "dpf": {
        "accuracy": {
            "mean": 0.8861538461538462,
            "std": 0.019091805609216722
        },
        "dp": {
            "mean": 0.04779924843527299,
            "std": 0.03661461935310661
        }
    },
    "fairoct": {
        "accuracy": [],
        "dp": [],
        "eodds": [],
        "eopp": []
    },
    "post": {
        "accuracy": {
            "mean": 0.8861538461538462,
            "std": 0.011070273407652775
        },
        "dp": {
            "mean": 0.03867931672379201,
            "std": 0.026701355121389
        },
        "eodds": {
            "mean": 0.24200133200133203,
            "std": 0.08734512507018646
        },
        "eopp": {
            "mean": 0.04646906130918731,
            "std": 0.014216601316222256
        }
    },
    "rset": {
        "accuracy": {
            "mean": 0.9138461538461538,
            "std": 0.018461538461538397
        },
        "dp": {
            "mean": 0.04513669065407111,
            "std": 0.03198150542882696
        },
        "eodds": {
            "mean": 0.22259573759573756,
            "std": 0.1611640958949419
        },
        "eopp": {
            "mean": 0.02696047500165453,
            "std": 0.02241294017222679
        }
    },
    "training time": 44.18593621253967
}